String,0x55db06ff40b0,Constructeur
String,0x7fff8788da18,Constructeur
Damageable,0x7fff8788da10,Constructeur
String,0x7fff8788dba0,Constructeur
String,0x7fff8788d9c0,Constructeur
String,0x7fff8788dba0,Destructeur
String,0x7fff8788dba0,Constructeur
String,0x7fff8788d9c8,Constructeur
String,0x7fff8788dba0,Destructeur
String,0x7fff8788dae0,Constructeur
String,0x7fff8788d968,Constructeur
String,0x7fff8788db10,Constructeur
String,0x7fff8788d968,Destructeur
String,0x7fff8788db50,Constructeur
String,0x7fff8788d970,Constructeur
String,0x7fff8788d978,Constructeur
String,0x7fff8788d908,Constructeur
String,0x7fff8788d980,Constructeur
String,0x7fff8788d908,Destructeur
String,0x7fff8788dba0,Constructeur
String,0x7fff8788d980,Destructeur
String,0x7fff8788d978,Destructeur
String,0x7fff8788d970,Destructeur
String,0x7fff8788d9d0,Constructeur
String,0x7fff8788dba0,Destructeur
String,0x7fff8788db50,Destructeur
String,0x7fff8788db10,Destructeur
String,0x7fff8788dae0,Destructeur
Dice,0x7fff8788da20,Constructeur
Dice,0x7fff8788dba0,Constructeur
Dice,0x7fff8788da30,Constructeur
Dice,0x7fff8788dba0,Destructeur
Dice,0x7fff8788da40,Constructeur
Dice,0x7fff8788da40,Destructeur
String,0x55db06ff4700,Constructeur
String,0x55db06ff4740,Constructeur
String,0x55db06ff4780,Constructeur
IntegerValue,0x7fff8788da50,Constructeur
Race,0x7fff8788da80,Constructeur
String,0x7fff8788da68,Constructeur
Damageable,0x7fff8788da60,Constructeur
String,0x7fff8788dba0,Constructeur
String,0x7fff8788daa8,Constructeur
Damageable,0x7fff8788daa0,Constructeur
Item,0x7fff8788daa0,Constructeur
String,0x7fff8788dba0,Destructeur
String,0x7fff8788dae8,Constructeur
Damageable,0x7fff8788dae0,Constructeur
Race,0x7fff8788daf8,Constructeur
Creature,0x7fff8788dae0,Constructeur
String,0x7fff8788db60,Constructeur
Damageable,0x7fff8788db58,Constructeur
Race,0x7fff8788db70,Constructeur
Creature,0x7fff8788db58,Constructeur
String,0x7fff8788d980,Constructeur
String,0x7fff8788db90,Constructeur
Damageable,0x7fff8788db88,Constructeur
Item,0x7fff8788db88,Constructeur
String,0x7fff8788d980,Destructeur
LivingItem,0x7fff8788db50,Constructeur
IntegerValue,0x7fff8788da70,Constructeur
String,0x55db06ff4860,Constructeur
Race,0x7fff8788dac0,Constructeur
String,0x7fff8788dbb0,Constructeur
Damageable,0x7fff8788dba8,Constructeur
Race,0x7fff8788dbc0,Constructeur
Creature,0x7fff8788dba8,Constructeur
String,0x7fff8788d980,Constructeur
String,0x7fff8788dbe0,Constructeur
Damageable,0x7fff8788dbd8,Constructeur
Item,0x7fff8788dbd8,Constructeur
String,0x7fff8788d980,Destructeur
LivingItem,0x7fff8788dba0,Constructeur
String,0x55db06ff48e0,Constructeur
String,0x7fff8788db20,Constructeur
Damageable,0x7fff8788db18,Constructeur
Race,0x7fff8788db30,Constructeur
Creature,0x7fff8788db18,Constructeur
HatsuneMiku,0x7fff8788db10,Constructeur
HatsuneMiku,0x7fff8788db10,Destructeur
Creature,0x7fff8788db18,Destructeur
Race,0x7fff8788db30,Destructeur
Damageable,0x7fff8788db18,Destructeur
String,0x7fff8788db20,Destructeur
LivingItem,0x7fff8788dba0,Destructeur
Item,0x7fff8788dbd8,Destructeur
Damageable,0x7fff8788dbd8,Destructeur
String,0x7fff8788dbe0,Destructeur
Creature,0x7fff8788dba8,Destructeur
Race,0x7fff8788dbc0,Destructeur
Damageable,0x7fff8788dba8,Destructeur
String,0x7fff8788dbb0,Destructeur
Race,0x7fff8788dac0,Destructeur
IntegerValue,0x7fff8788da70,Destructeur
LivingItem,0x7fff8788db50,Destructeur
Item,0x7fff8788db88,Destructeur
Damageable,0x7fff8788db88,Destructeur
String,0x7fff8788db90,Destructeur
Creature,0x7fff8788db58,Destructeur
Race,0x7fff8788db70,Destructeur
Damageable,0x7fff8788db58,Destructeur
String,0x7fff8788db60,Destructeur
Creature,0x7fff8788dae0,Destructeur
Race,0x7fff8788daf8,Destructeur
Damageable,0x7fff8788dae0,Destructeur
String,0x7fff8788dae8,Destructeur
Item,0x7fff8788daa0,Destructeur
Damageable,0x7fff8788daa0,Destructeur
String,0x7fff8788daa8,Destructeur
Damageable,0x7fff8788da60,Destructeur
String,0x7fff8788da68,Destructeur
Race,0x7fff8788da80,Destructeur
IntegerValue,0x7fff8788da50,Destructeur
Dice,0x7fff8788da30,Destructeur
Dice,0x7fff8788da20,Destructeur
String,0x7fff8788d9d0,Destructeur
String,0x7fff8788d9c8,Destructeur
String,0x7fff8788d9c0,Destructeur
Damageable,0x7fff8788da10,Destructeur
String,0x7fff8788da18,Destructeur
